index,drug_smi
0,O=c1[nH]cc(F)c(=O)[nH]1
1,CC(C)CC(NC(=O)C(Cc1ccccc1)NC(=O)c1cnccn1)B(O)O
2,Cc1nc(Nc2ncc(C(=O)Nc3c(C)cccc3Cl)s2)cc(N2CCN(CCO)CC2)n1
3,CC1CC2C3CCC4=CC(=O)C=CC4(C)C3(F)C(O)CC2(C)C1(O)C(=O)CO
4,COc1cccc2c1C(=O)c1c(O)c3c(c(O)c1C2=O)CC(O)(C(=O)CO)CC3OC1CC(N)C(O)C(C)O1
5,C#Cc1cccc(Nc2ncnc3cc(OCCOC)c(OCCOC)cc23)c1
6,COc1cc(C2c3cc4c(cc3C(OC3OC5COC(C)OC5C(O)C3O)C3COC(=O)C23)OCO4)cc(OC)c1O
7,COC1=C2CC(C)CC(OC)C(O)C(C)C=C(C)C(OC(N)=O)C(OC)C=CC=C(C)C(=O)NC(=CC1=O)C2=O
8,Nc1ccn(C2OC(CO)C(O)C2(F)F)c(=O)n1
9,CS(=O)(=O)CCNCc1ccc(-c2ccc3ncnc(Nc4ccc(OCc5cccc(F)c5)c(Cl)c4)c3c2)o1
10,CN(C)C(=N)N=C(N)N
11,CN(Cc1cnc2nc(N)nc(N)c2n1)c1ccc(C(=O)NC(CCC(=O)O)C(=O)O)cc1
12,CC(=O)OC1C(=O)C2(C)C(O)CC3OCC3(OC(C)=O)C2C(OC(=O)c2ccccc2)C2(O)CC(OC(=O)C(O)C(NC(=O)c3ccccc3)c3ccccc3)C(C)=C1C2(C)C
13,CCN(CC)CCNC(=O)c1c(C)[nH]c(C=C2C(=O)Nc3ccc(F)cc32)c1C
14,CCC1(O)C(=O)OCc2c1cc1n(c2=O)Cc2cc3c(CN(C)C)c(O)ccc3nc2-1
15,CCC1(O)CC2CN(CCc3c([nH]c4ccccc34)C(C(=O)OC)(c3cc4c(cc3OC)N(C)C3C(O)(C(=O)OC)C(OC(C)=O)C5(CC)C=CCN6CCC43C65)C2)C1
16,CCC1=CC2CN(C1)Cc1c([nH]c3ccccc13)C(C(=O)OC)(c1cc3c(cc1OC)N(C)C1C(O)(C(=O)OC)C(OC(C)=O)C4(CC)C=CCN5CCC31C54)C2
17,CC(C)Cn1cnc2c(N)nc3ccccc3c21
18,CC(C=CC1=C(C)CCCC1(C)C)=CC=CC(C)=CC(=O)O
19,Nc1nc(=O)c2c(CCc3ccc(C(=O)NC(CCC(=O)O)C(=O)O)cc3)c[nH]c2[nH]1
20,Nc1ncn(C2OC(CO)C(O)C2O)c(=O)n1
21,Cc1ccc(NC(=O)c2ccc(CN3CCN(C)CC3)cc2)cc1Nc1nccc(-c2cccnc2)n1
22,Nc1nc(F)nc2c1ncn2C1OC(CO)C(O)C1O
23,CNC(=O)c1cc(Oc2ccc(NC(=O)Nc3ccc(Cl)c(C(F)(F)F)c3)cc2)ccn1
24,CC(=O)OC12COC1CC(O)C1(C)C(=O)C(O)C3=C(C)C(OC(=O)C(O)C(NC(=O)OC(C)(C)C)c4ccccc4)CC(O)(C(OC(=O)c4ccccc4)C21)C3(C)C
25,CC(CN1CC(=O)NC(=O)C1)N1CC(=O)NC(=O)C1
26,O=C(c1ccc(OCCN2CCCCC2)cc1)c1c(-c2ccc(O)cc2)sc2cc(O)ccc12
27,N#Cc1ccc(C(c2ccc(C#N)cc2)n2cncn2)cc1
28,Cc1ccc(-c2cc(C(F)(F)F)nn2-c2ccc(S(N)(=O)=O)cc2)cc1
29,Nc1ccn(C2OC(CO)C(O)C2O)c(=O)n1
30,Cc1c(N)nc(C(CC(N)=O)NCC(N)C(N)=O)nc1C(=O)NC(C(=O)NC(C)C(O)C(C)C(=O)NC(C(=O)NCCc1nc(-c2nc(C(=O)NCCC[S+](C)C)cs2)cs1)C(C)O)C(OC1OC(CO)C(O)C(O)C1OC1OC(CO)C(O)C(OC(N)=O)C1O)c1cnc[nH]1
31,O=C1CCC(N2C(=O)c3ccccc3C2=O)C(=O)N1
32,O=C1c2c(O)ccc(O)c2C(=O)c2c(NCCNCCO)ccc(NCCNCCO)c21
33,COc1c2occc2cc2ccc(=O)oc12
34,O=c1ncnc2[nH][nH]cc1-2
35,Clc1ccc(C(c2ccccc2Cl)C(Cl)Cl)cc1
36,CC(=Cc1csc(C)n1)C1CC2OC2(C)CCCC(C)C(O)C(C)C(=O)C(C)(C)C(O)CC(=O)N1
37,CC12CCC3c4ccc(O)cc4CC(CCCCCCCCCS(=O)CCCC(F)(F)C(F)(F)F)C3C1CCC2O
38,CCC(=C(c1ccccc1)c1ccc(OCCN(C)C)cc1)c1ccccc1.O=C(O)CC(O)(CC(=O)O)C(=O)O
39,O=NN(CCCl)C(=O)NCCCl
40,NC(=O)NO
41,O=P(O)(O)C(O)(Cn1ccnc1)P(=O)(O)O
42,Cc1cn(-c2cc(NC(=O)c3ccc(C)c(Nc4nccc(-c5cccnc5)n4)c3)cc(C(F)(F)F)c2)cn1
43,CC(C)(C#N)c1cc(Cn2cncn2)cc(C(C)(C)C#N)c1
44,CN(C)NN=C1N=CN=C1C(N)=O
45,C#CCC(Cc1cnc2nc(N)nc(N)c2n1)c1ccc(C(=O)NC(CCC(=O)O)C(=O)O)cc1
46,CCN(CC)CCCC(C)Nc1c2ccc(Cl)cc2nc2ccc(OC)cc12
47,O=NN(CCCl)C(=O)NC1CCCCC1
48,Nc1cccc2c1CN(C1CCC(=O)NC1=O)C2=O
49,COc1cc2ncnc(Nc3ccc(F)c(Cl)c3)c2cc1OCCCN1CCOCC1
50,COc1cccc2c1C(=O)c1c(O)c3c(c(O)c1C2=O)CC(O)(C(C)=O)CC3OC1CC(N)C(O)C(C)O1
51,CC(=O)OC1(C(C)=O)CCC2C3C=C(C)C4=CC(=O)CCC4(C)C3CCC21C
52,S=c1nc[nH]c2nc[nH]c12
53,COc1cc(C2c3cc4c(cc3C(OC3OC5COC(c6cccs6)OC5C(O)C3O)C3COC(=O)C23)OCO4)cc(OC)c1O
54,NCCCNCCSP(=O)(O)O
55,CCCS(=O)(=O)Nc1ccc(F)c(C(=O)c2c[nH]c3ncc(-c4ccc(Cl)cc4)cc23)c1F
56,CC(Oc1cc(-c2cnn(C3CCNCC3)c2)cnc1N)c1c(Cl)ccc(F)c1Cl
57,CC12CCC(O)CC1=CCC1C2CCC2(C)C(c3cccnc3)=CCC12
58,Cc1ccc(Nc2nccc(N(C)c3ccc4c(C)n(C)nc4c3)n2)cc1S(N)(=O)=O
59,COC1C(=O)C2(C)C(OC)CC3OCC3(OC(C)=O)C2C(OC(=O)c2ccccc2)C2(O)CC(OC(=O)C(O)C(NC(=O)OC(C)(C)C)c3ccccc3)C(C)=C1C2(C)C
60,CS(=O)(=O)c1ccc(C(=O)Nc2ccc(Cl)c(-c3ccccn3)c2)c(Cl)c1
61,N#CCC(C1CCCC1)n1cc(-c2ncnc3[nH]ccc23)cn1
62,COc1cc2c(Nc3ccc(Br)cc3F)ncnc2cc1OCC1CCN(C)CC1
63,CCOP(=O)(OCC)C(C)NC(=O)N(CCCl)N=O
64,Cc1ccccn1.[Pt+2]
65,CCC1(O)CC2CN(CCc3c([nH]c4ccccc34)C(C(=O)OC)(c3cc4c(cc3OC)N(C=O)C3C(O)(C(=O)OC)C(OC(C)=O)C5(CC)C=CCN6CCC43C65)C2)C1
66,COc1cc2c(c(OC)c1OC)-c1ccc(OC)c(=O)cc1C(NC(C)=O)CC2
67,COC(=O)Nc1nc2ccc(C(=O)c3cccs3)cc2[nH]1
68,COc1cc([C@@H]2c3cc4c(cc3[C@H](O)[C@H]3COC(=O)[C@H]23)OCO4)cc(OC)c1OC
69,CCOC(=O)C1=C(C)NC(=S)NC1c1cccc(O)c1
70,N#CC(=C(O)c1ccc(Cl)cc1Cl)c1nc2cc(Cl)ccc2c(=O)[nH]1
71,CCc1c2c(nc3ccc(OC(=O)N4CCC(N5CCCCC5)CC4)cc13)-c1cc3c(c(=O)n1C2)COC(=O)C3(O)CC
72,CCC1(O)C(=O)OCc2c1cc1n(c2=O)Cc2cc3ccccc3nc2-1
73,O=c1c(-c2ccc(O)cc2)coc2cc(O)cc(O)c12
74,COc1c(N2CCNC(C)C2)c(F)cc2c(=O)c(C(=O)O)cn(C3CC3)c12
75,COc1c(N2CC3CCCNC3C2)c(F)cc2c(=O)c(C(=O)O)cn(C3CC3)c12
76,CCn1cc(C(=O)O)c(=O)c2cc(F)c(N3CCNCC3)cc21
77,CC1CN(c2c(F)c(N)c3c(=O)c(C(=O)O)cn(C4CC4)c3c2F)CC(C)N1
78,CC1COc2c(N3CCN(C)CC3)c(F)cc3c(=O)c(C(=O)O)cn1c23
79,O=C(O)c1cn(C2CC2)c2cc(N3CCNCC3)c(F)cc2c1=O
80,Cc1cn[nH]c1
81,CCN(CC)C(=S)SSC(=S)N(CC)CC
82,O=c1c(O)c(-c2cc(O)c(O)c(O)c2)oc2cc(O)cc(O)c12
83,O=C1CC(c2ccc(O)cc2)Oc2cc(O)cc(O)c21
84,O=c1cc(-c2ccc(O)cc2)oc2cc(O)cc(O)c12
85,COc1cc(Nc2c(C#N)cnc3cc(OCCCN4CCN(C)CC4)c(OC)cc23)c(Cl)cc1Cl
86,CSc1cccc(Nc2ncc3cc(-c4c(Cl)cccc4Cl)c(=O)n(C)c3n2)c1
87,C=CC(=O)Nc1cc2c(Nc3ccc(F)c(Cl)c3)ncnc2cc1OCCCN1CCOCC1
88,Clc1ccc(Nc2nnc(Cc3ccncc3)c3ccccc23)cc1
89,COc1cc2c(Oc3ccc4[nH]c(C)cc4c3F)ncnc2cc1OCCCN1CCCC1
90,CNC(=O)c1cc(Oc2ccc(NC(=O)Nc3ccc(Cl)c(C(F)(F)F)c3)c(F)c2)ccn1
91,Cc1ccc(C(=O)Nc2ccc(CN3CCN(C)CC3)c(C(F)(F)F)c2)cc1C#Cc1cnc2cccnn12
92,Cc1ccc(C(=O)Nc2ccc(S(=O)(=O)O)c3cc(S(=O)(=O)O)cc(S(=O)(=O)O)c23)cc1NC(=O)c1cccc(NC(=O)Nc2cccc(C(=O)Nc3cc(C(=O)Nc4ccc(S(=O)(=O)O)c5cc(S(=O)(=O)O)cc(S(=O)(=O)O)c45)ccc3C)c2)c1
93,COc1ccc2c(OCc3nnc4ccc(-c5ccccc5)nn34)ccnc2c1
94,c1cc(-c2cnn3cc(-c4ccc(OCCN5CCCCC5)cc4)cnc23)ccn1
95,COc1cc2c(N3CCN(C(=O)Nc4ccc(OC(C)C)cc4)CC3)ncnc2cc1OCCCN1CCCCC1
96,COCC1OC(=O)c2coc3c2C1(C)C1=C(C3=O)C2CCC(=O)C2(C)CC1OC(C)=O
97,Cc1[nH]nc2ccc(-c3cncc(OCC(N)Cc4ccccc4)c3)cc12
98,CNC(=O)c1ccc(C)c(-n2c(C)cc(OCc3ccc(F)cc3F)c(Br)c2=O)c1
99,O=C(O)C1=CC(=NNc2ccc(S(=O)(=O)Nc3ccccn3)cc2)C=CC1=O
100,O=C1N=c2ccc(Cl)cc2=C(NC2CN3CCC2CC3)C1=C1Nc2ccccc2N1
101,CN1CC[C@H](c2c(O)cc(O)c3c(=O)cc(-c4ccccc4Cl)oc23)[C@H](O)C1
102,CC(C)[C@H](CO)Nc1nc(Nc2ccc(C(=O)O)c(Cl)c2)c2ncn(C(C)C)c2n1
103,CC(C)C(CO)Nc1nc(Nc2cccc(Cl)c2)c2ncn(C(C)C)c2n1
104,CC1=CC(=O)c2ccccc2C1=O
105,N=C(N)c1ccc(OCCCCCOc2ccc(C(=N)N)cc2)cc1
106,COc1ccc2cc3[n+](cc2c1OC)CCc1cc2c(cc1-3)OCO2
107,CCCS(=O)(=O)Nc1ccc(F)c(C(=O)c2c[nH]c3ncc(Cl)cc23)c1F
108,CC=C(C)C(=O)OC1C(C)=CC23C(=O)C(C=C(CO)C(O)C12O)C1C(CC3C)C1(C)C
109,O=S(=O)(c1cccc2cnccc12)N1CCCNCC1
110,C[C@@H](N)C1CCC(C(=O)Nc2ccncc2)CC1
111,Cc1oncc1C(=O)Nc1ccc(C(F)(F)F)cc1
112,CC(C)(C)c1nc2c3cc[nH]c(=O)c3c3cc(F)ccc3c2[nH]1
113,Cc1cc(O)c2c(c1)C(=O)c1cc(O)cc(O)c1C2=O
114,CCCCCCCCc1ccc(CCC(N)(CO)CO)cc1
115,O=c1c(O)c(-c2ccc(O)c(O)c2)oc2cc(O)ccc12
116,N#CC1CC2CC2N1C(=O)C(N)C12CC3CC(CC(O)(C3)C1)C2
117,CC#CCn1c(N2CCCC(N)C2)nc2c1c(=O)n(Cc1nc(C)c3ccccc3n1)c(=O)n2C
118,NC(CC(=O)N1CCn2c(nnc2C(F)(F)F)C1)Cc1cc(F)c(F)cc1F
119,NC(=NCCCCCCN=C(N)N=C(N)Nc1ccc(Cl)cc1)N=C(N)Nc1ccc(Cl)cc1
120,Cc1ccc(C(=O)c2cc(O)c(O)c([N+](=O)[O-])c2)cc1
121,Nc1ncn(C2CC(O)C(CO)O2)c(=O)n1
122,Cn1cncc1C(N)(c1ccc(Cl)cc1)c1ccc2c(c1)c(-c1cccc(Cl)c1)cc(=O)n2C
123,O=C(O)c1ccc2cc(-c3ccc(O)c(C45CC6CC(CC(C6)C4)C5)c3)ccc2c1
124,CCOC(=O)c1ccc(C#Cc2ccc3c(c2)C(C)(C)CCS3)nc1
125,CC1(C)CCC(C)(C)c2cc(NC(=O)c3ccc(C(=O)O)cc3)ccc21
126,C=C(c1ccc(C(=O)O)cc1)c1cc2c(cc1C)C(C)(C)CCC2(C)C
127,CC12CCC(=O)C=C1CCC1C2C(O)CC2(C)C1CCC2(O)C(=O)CO
128,CC=CCC(C)C(O)C1C(=O)NC(CC)C(=O)N(C)CC(=O)N(C)C(CC(C)C)C(=O)NC(C(C)C)C(=O)N(C)C(CC(C)C)C(=O)NC(C)C(=O)NC(C)C(=O)N(C)C(CC(C)C)C(=O)N(C)C(CC(C)C)C(=O)N(C)C(C(C)C)C(=O)N1C
129,Cn1cnc([N+](=O)[O-])c1Sc1ncnc2nc[nH]c12
130,CC(C(=O)O)c1cccc(C(=O)c2ccccc2)c1
131,O=C(c1ccccc1)c1ccc2n1CCC2C(=O)O
132,CC(C(=O)O)c1ccc(-c2ccccc2)c(F)c1
133,COc1ccc2c(c1)c(CC(=O)O)c(C)n2C(=O)c1ccc(Cl)cc1
134,CN1C(C(=O)Nc2ccccn2)=C(O)c2sc(Cl)cc2S1(=O)=O
135,CC(=O)Oc1ccccc1C(=O)O
136,CN1C(C(=O)Nc2ccccn2)=C(O)c2sccc2S1(=O)=O
137,NCCc1cnc[nH]1
138,O=C(O)COCCN1CCN(C(c2ccccc2)c2ccc(Cl)cc2)CC1
139,CCOC(=O)N1CCC(=C2c3ccc(Cl)cc3CCc3cccnc32)CC1
140,CN(C)CCN(Cc1ccc(Cl)cc1)c1ccccn1
141,CN(C)CCOC(c1ccccc1)c1ccccc1
142,CN1CCC(=C2c3ccccc3CC(=O)c3sccc32)CC1
143,CN1CCC(=C2c3ccccc3C=Cc3ccccc32)CC1
144,CN1CCCC(n2nc(Cc3ccc(Cl)cc3)c3ccccc3c2=O)CC1
145,NC(N)=Nc1nc(CSCCC(N)=NS(N)(=O)=O)cs1
146,O=c1c(O)c(-c2ccc(O)c(O)c2)oc2cc(O)cc(O)c12
147,CC1=C2N=C(C=C3N=C(C(C)=C4[N-]C(C(CC(N)=O)C4(C)CCC(=O)NCC(C)OP(=O)([O-])OC4C(CO)OC(n5cnc6cc(C)c(C)cc65)C4O)C4(C)N=C1C(CCC(N)=O)C4(C)CC(N)=O)C(CCC(N)=O)C3(C)C)C(CCC(N)=O)C2(C)CC(N)=O.[Co+2]
148,O=C(O)c1cccnc1
149,NC(=O)c1cccnc1
150,CC(=O)Nc1ccc(OCC(C)(O)C(=O)Nc2ccc([N+](=O)[O-])c(C(F)(F)F)c2)cc1
151,CNC(=O)c1ccc(N2C(=S)N(c3ccc(C#N)c(C(F)(F)F)c3)C(=O)C2(C)C)cc1F
152,CC(O)(CS(=O)(=O)c1ccc(F)cc1)C(=O)Nc1ccc(C#N)c(C(F)(F)F)c1
153,CC(C)C(=O)Nc1ccc([N+](=O)[O-])c(C(F)(F)F)c1
154,CC1(C)NC(=O)N(c2ccc([N+](=O)[O-])c(C(F)(F)F)c2)C1=O
155,Cc1cccc(CN2CCN(C(c3ccccc3)c3ccc(Cl)cc3)CC2)c1
156,CCc1ccc(CCOc2ccc(CC3SC(=O)NC3=O)cc2)nc1
157,CN(CCOc1ccc(CC2SC(=O)NC2=O)cc1)c1ccccn1
158,CC(C)OC(=O)C(C)(C)Oc1ccc(C(=O)c2ccc(Cl)cc2)cc1
159,CCOC(=O)C(C)(C)Oc1ccc(Cl)cc1
160,Cc1ccc(C)c(OCCCC(C)(C)C(=O)O)c1
161,Cc1c(C)c2c(c(C)c1O)CCC(C)(COc1ccc(CC3SC(=O)NC3=O)cc1)O2
162,CCCc1nc2c(C)cc(-c3nc4ccccc4n3C)cc2n1Cc1ccc(-c2ccccc2C(=O)O)cc1
163,CCCc1nc(C(C)(C)O)c(C(=O)O)n1Cc1ccc(-c2ccccc2-c2nn[nH]n2)cc1
164,CCN(CC)CCOc1ccc(C(=C(Cl)c2ccccc2)c2ccccc2)cc1
165,CC12CCC3C(CCC45OC4C(O)=C(C#N)CC35C)C1CCC2O
166,Oc1ccc(C2Oc3ccc(O)cc3C3CCCC32)cc1
167,CCN(CC)CCOc1ccc(Cc2ccccc2)cc1
168,CC(C)c1cccc(C(C)C)c1O
169,COc1ccc2nc(S(=O)Cc3ncc(C)c(OC)c3C)[nH]c2c1
170,CC(C)(Sc1cc(C(C)(C)C)c(O)c(C(C)(C)C)c1)Sc1cc(C(C)(C)C)c(O)c(C(C)(C)C)c1
171,COc1ccnc(CS(=O)c2nc3ccc(OC(F)F)cc3[nH]2)c1OC
172,COc1cc2c(cc1OC)CN(CCc1ccc(NC(=O)c3cccc4c(=O)c5cccc(OC)c5[nH]c34)cc1)CC2
173,O=C1CN2Cc3c(ccc(Cl)c3Cl)N=C2N1
174,O=C1CCc2cc(OCCCCc3nnnn3C3CCCCC3)ccc2N1
175,Cc1[nH]c(=O)c(C#N)cc1-c1ccncc1
176,COc1ccc(C2CNC(=O)C2)cc1OC1CCCC1
177,COc1ccc(C2(C#N)CCC(C(=O)O)CC2)cc1OC1CCCC1
178,O=C(Nc1c(Cl)cncc1Cl)c1ccc(OC(F)F)c(OCC2CC2)c1
179,CCCc1nn(C)c2c(=O)nc(-c3cc(S(=O)(=O)N4CCN(C)CC4)ccc3OCC)[nH]c12
180,CN1CC(=O)N2C(Cc3c([nH]c4ccccc34)C2c2ccc3c(c2)OCO3)C1=O
181,OCCN(CCO)c1nc(N2CCCCC2)c2nc(N(CCO)CCO)nc(N3CCCCC3)c2n1
182,CCCc1nc(C)c2c(=O)[nH]c(-c3cc(S(=O)(=O)N4CCN(CC)CC4)ccc3OCC)nn12
183,COc1ccc(Cc2nccc3cc(OC)c(OC)cc23)cc1OC
184,Cn1cnc2c1c(=O)[nH]c(=O)n2C
185,CCCC(NC(C)C(=O)N1C(C(=O)O)CC2CCCCC21)C(=O)OCC
186,CCOC(=O)C(CCc1ccccc1)NC1CCc2ccccc2N(CC(=O)O)C1=O
187,COc1cc(C(=O)NS(=O)(=O)c2ccccc2C)ccc1Cc1cn(C)c2ccc(NC(=O)OC3CCCC3)cc12
188,O=C(Nc1cccc2c(=O)cc(-c3nn[nH]n3)oc12)c1ccc(OCCCCc2ccccc2)cc1
189,NC(=O)N1c2ccccc2CC(=O)c2ccccc21
190,CCCOc1ccc(C(=O)OCCN(CC)CC)cc1N
191,Nc1nnc(-c2cccc(Cl)c2Cl)c(N)n1
192,CN1CCN(CCCN2c3ccccc3Sc3ccc(C(F)(F)F)cc32)CC1
193,O=C(NCC1CCCCN1)c1cc(OCC(F)(F)F)ccc1OCC(F)(F)F
194,NC(N)=NC(=O)c1nc(Cl)c(N)nc1N
195,CCC1(c2ccccc2)C(=O)NCNC1=O
196,COc1ccc(CCN(C)CCCC(C#N)(c2ccc(OC)c(OC)c2)C(C)C)cc1OC
197,COC(=O)C1=C(C)NC(C)=C(C(=O)OC(C)C)C1c1cccc2nonc12
198,Fc1ccc(C(c2ccc(F)cc2)N2CCN(CC=Cc3ccccc3)CC2)cc1
199,CC(C)CC(CN)CC(=O)O
200,CCC(C(N)=O)N1CCCC1=O
201,CC(NCCCc1cccc(C(F)(F)F)c1)c1cccc2ccccc12
202,NCC1(CC(=O)O)CCCCC1
203,CN(CCOc1ccc(NS(C)(=O)=O)cc1)CCc1ccc(NS(C)(=O)=O)cc1
204,CCC1=C(C)CN(C(=O)NCCc2ccc(S(=O)(=O)NC(=O)NC3CCC(C)CC3)cc2)C1=O
205,Cc1cnc(C(=O)NCCc2ccc(S(=O)(=O)NC(=O)NC3CCCCC3)cc2)cn1
206,CCCCCCCN(CC)CCCC(O)c1ccc(NS(C)(=O)=O)cc1.CCCCCCCN(CC)CCCC(O)c1ccc(NS(C)(=O)=O)cc1
207,Cc1ccc(S(=O)(=O)NC(=O)NN2CC3CCCC3C2)cc1
208,N=c1nc(N2CCCCC2)cc(N)n1O
209,CC1CC(=O)NN=C1c1ccc(NN=C(C#N)C#N)cc1
210,CCOC(=O)Nc1ccc(NCc2ccc(F)cc2)cc1N
211,Nc1nc2ccc(OC(F)(F)F)cc2s1
212,CC(C)(C)c1cc(C(C)(C)C)c(NC(=O)c2c[nH]c3ccccc3c2=O)cc1O
213,CCCCN1CCC(CNC(=O)c2c3n(c4ccccc24)CCCO3)CC1
214,CNS(=O)(=O)Cc1ccc2[nH]cc(CCN(C)C)c2c1
215,CNS(=O)(=O)CCc1ccc2[nH]cc(C3CCN(C)CC3)c2c1
216,CN(C)CCc1c[nH]c2ccc(Cn3cncn3)cc12
217,CN(C)CCc1c[nH]c2ccc(CC3COC(=O)N3)cc12
218,CN(C)CCc1c[nH]c2ccc(CS(=O)(=O)N3CCCC3)cc12
219,COCCCCC(=NOCCN)c1ccc(C(F)(F)F)cc1
220,CN(C)CCCC1(c2ccc(F)cc2)OCc2cc(C#N)ccc21
221,COc1ccc(C(CN(C)C)C2(O)CCCCC2)cc1
222,CN1C2CCCC1CC(NC(=O)c1nn(C)c3ccccc13)C2
223,Cc1nccn1CC1CCc2c(c3ccccc3n2C)C1=O
224,Clc1ccc2c(c1)C(N1CCNCC1)=Nc1ccccc1O2
225,CN(C)CCC=C1c2ccccc2C=Cc2ccccc21
226,CCCNS(=O)(=O)Nc1ncnc(OCCOc2ncc(Br)cn2)c1-c1ccc(Br)cc1
227,c1cnc2cc3c(cc2n1)C1CNCC3C1
228,O=c1cccc2n1CC1CNCC2C1
229,c1ccc(C2CN3CCSC3=N2)cc1
230,CC(OC1OCCN(Cc2nc(=O)[nH][nH]2)C1c1ccc(F)cc1)c1cc(C(F)(F)F)cc(C(F)(F)F)c1
231,Nc1nc(Cl)nc2c1ncn2C1CC(O)C(CO)O1
232,Cn1c(=O)c2[nH]cnc2n(C)c1=O
233,Nc1ncnc2c1ncn2C1OC(CO)C(O)C1O
234,c1nc2nc(Nc3ccc(N4CCOCC4)cc3)nc(NC3CCCCC3)c2[nH]1
235,c1cc(CN2CCCNCCNCCCNCC2)ccc1CN1CCCNCCNCCCNCC1
236,Cc1nnc(C(C)C)n1C1CC2CCC(C1)N2CCC(NC(=O)C1CCC(F)(F)CC1)c1ccccc1
237,Cc1c(C(=O)NN2CCCCC2)nn(-c2ccc(Cl)cc2Cl)c1-c1ccc(Cl)cc1
238,CC1(C)Cc2c(-c3ccccc3)c(-c3ccc(Cl)cc3)c(CC(=O)O)n2C1
239,CC(c1cc2ccccc2s1)N(O)C(N)=O
240,CC(Cc1ccc(O)c(O)c1)C(C)Cc1ccc(O)c(O)c1
241,NC(=O)Cc1cccc(C(=O)c2ccccc2)c1N
242,CCc1cccc2c3c([nH]c12)C(CC)(CC(=O)O)OCC3
243,CS(=O)(=O)Nc1ccc([N+](=O)[O-])cc1Oc1ccccc1
244,COc1ccc2cc(C(C)C(=O)O)ccc2c1
245,CC(=O)Nc1ccc(O)cc1
246,CC(C)Cc1ccc(C(C)C(=O)O)cc1
247,Cc1cnc(NC(=O)C2=C(O)c3ccccc3S(=O)(=O)N2C)s1
248,CN1C(C(=O)Nc2ccccn2)=C(O)c2ccccc2S1(=O)=O
249,O=C(O)c1cccnc1Nc1cccc(C(F)(F)F)c1
250,CS(=O)(=O)c1ccc(C2=C(c3ccccc3)C(=O)OC2)cc1
251,CCC(C)(C)C(=O)OC1CC(C)C=C2C=CC(C)C(CCC3CC(O)CC(=O)O3)C21
252,CCC(C)C(=O)OC1CC(C)C=C2C=CC(C)C(CCC3CC(O)CC(=O)O3)C21
253,O=c1oc2c(O)c(O)cc3c(=O)oc4c(O)c(O)cc1c4c23
254,CC(C)(C)COc1ccc(-n2cc(C(=O)O)cn2)cc1C#N
255,CC(O)C(CO)NC(=O)C1CSSCC(NC(=O)C(N)Cc2ccccc2)C(=O)NC(Cc2ccccc2)C(=O)NC(Cc2c[nH]c3ccccc23)C(=O)NC(CCCCN)C(=O)NC(C(C)O)C(=O)N1
256,COCC(NC(C)=O)C(=O)NCc1ccccc1
257,CC12CC3CC(C)(C1)CC(N)(C3)C2
258,NC1CONC1=O
259,NCCCCNCCCN
260,Oc1c(Cl)cc(Cl)c2cccnc12
261,CCn1cc(C(=O)O)c(=O)c2cc(F)c(N3CCN(C)CC3)cc21
262,Cc1nnc(NS(=O)(=O)c2ccc(N)cc2)s1
263,CCCCCCCCCCCCCCCC(=O)OC1C(SC)OC(C(NC(=O)C2CC(CCC)CN2C)C(C)Cl)C(O)C1O
264,Nc1ccn(C2CCC(CO)O2)c(=O)n1
265,O=c1nc[nH]c2c1ncn2C1CCC(CO)O1
266,Cc1cn(C2CC(N=[N+]=[N-])C(CO)O2)c(=O)[nH]c1=O
267,NCC1CCC(C(=O)O)CC1
268,CCN(CCO)CCCC(C)Nc1ccnc2cc(Cl)ccc12
269,CCN(CC)CCCC(C)Nc1ccnc2cc(Cl)ccc12
270,OC(c1cc(C(F)(F)F)nc2c(C(F)(F)F)cccc12)C1CCCCN1
271,CCCCN(CCCC)CCC(O)c1cc2c(Cl)cc(Cl)cc2c2cc(C(F)(F)F)ccc12
272,CN(C)c1ccc2nc3ccc(=[N+](C)C)cc-3sc2c1
273,CCCCCOC(=O)Nc1nc(=O)n(C2OC(C)C(O)C2O)cc1F
274,Nc1[nH]c(=O)ncc1F
275,Cc1nc(=O)c2cc(CN(C)c3ccc(C(=O)NC(CCC(=O)O)C(=O)O)s3)ccc2[nH]1
276,COc1cc(NCc2ccc3nc(N)nc(N)c3c2C)cc(OC)c1OC
277,CCC1OC(=O)C(C)C(OC2CC(C)(OC)C(O)C(C)O2)C(C)C(OC2OC(C)CC(N(C)C)C2O)C(C)(O)CC(C)C(=NOCOCCOC)C(C)C(O)C1(C)O
278,CN(C)C1C(=O)C(C(N)=O)=C(O)C2(O)C(=O)C3=C(O)c4c(O)cccc4C(C)(O)C3CC12
279,CC(=O)NCC1CN(c2ccc(N3CCOCC3)c(F)c2)C(=O)O1
280,Nc1ccc(S(=O)(=O)Nc2ccnn2-c2ccccc2)cc1
281,O=C(NC(CO)C(O)c1ccc([N+](=O)[O-])cc1)C(Cl)Cl
282,CN(C)c1ccc(O)c2c1CC1CC3C(N(C)C)C(=O)C(C(N)=O)=C(O)C3(O)C(=O)C1=C2O
283,CCn1cc(C(=O)O)c(=O)c2cc(F)c(N3CCNCC3)nc21
284,CN1CCN(c2c(F)cc3c(=O)c(C(=O)O)cn(CCF)c3c2F)CC1
285,CCn1cc(C(=O)O)c(=O)c2cc(F)c(N3CCNC(C)C3)c(F)c21
286,CC1=C(C(=O)O)N2C(=O)C(NC(=O)C(N)C3=CCC=CC3)C2SC1
287,C=CC1=C(C(=O)O)N2C(=O)C(NC(=O)C(=NO)c3csc(N)n3)C2SC1
288,CN1C(=O)CCS(=O)(=O)C1c1ccc(Cl)cc1
289,CCOC(=O)c1cncn1C(C)c1ccccc1
290,NC(=O)OCC(COC(N)=O)c1ccccc1
291,CN1CCN(C(=O)OC2c3nccnc3C(=O)N2c2ccc(Cl)cn2)CC1
292,CCOC(=O)c1ncn2c1CN(C)C(=O)c1cc(F)ccc1-2
293,NNC(=O)c1ccncc1
294,CCc1cc(C(N)=S)ccn1
295,COC(=O)Nc1nc2ccc(C(=O)c3ccccc3)cc2[nH]1
296,c1ccc2[nH]c(-c3cscn3)nc2c1
297,COc1ccc2[nH]cc(CCNC(C)=O)c2c1
298,Cc1nnc(C(=O)NC(C)(C)c2nc(C(=O)NCc3ccc(F)cc3)c(O)c(=O)n2C)o1
299,OC(Cn1cncn1)(Cn1cncn1)c1ccc(F)cc1F
300,Clc1ccc(C(Cn2ccnc2)OCc2ccsc2Cl)c(Cl)c1
301,Clc1ccc(C(Cn2ccnc2)OCc2c(Cl)cccc2Cl)c(Cl)c1
302,Clc1ccc(COC(Cn2ccnc2)c2ccc(Cl)cc2Cl)cc1
303,CCCCNc1cc(C(=O)O)cc(S(N)(=O)=O)c1Oc1ccccc1
304,NS(=O)(=O)c1cc(C(=O)O)c(NCc2ccco2)cc1Cl
305,CC(C)NCC(O)COc1ccc(COCCOC(C)C)cc1
306,CC(CCc1ccc(O)cc1)NCCc1ccc(O)c(O)c1
307,OC(CNCC(O)C1CCc2cc(F)ccc2O1)C1CCc2cc(F)ccc2O1
308,CC(C)NCC(O)COc1ccc(CCOCC2CC2)cc1
309,COc1ccccc1OCCNCC(O)COc1cccc2[nH]c3ccccc3c12
310,CC(C)NCC(O)c1ccc(NS(C)(=O)=O)cc1
311,CCC(NC(C)C)C(O)c1ccc(O)c2[nH]c(=O)ccc12
312,CC(C)(C)NCC(O)c1ccc(O)c(CO)c1
313,CC(C)NCC(O)c1ccc(O)c(O)c1
314,Cc1ccc(N(CC2=NCCN2)c2cccc(O)c2)cc1
315,COc1cc2nc(N3CCN(C(=O)C4COc5ccccc5O4)CC3)nc(N)c2cc1OC
316,COc1cc2nc(N(C)CCCNC(=O)C3CCCO3)nc(N)c2cc1OC
317,COc1cc2nc(N3CCN(C(=O)c4ccco4)CC3)nc(N)c2cc1OC
318,O=c1n(CCCN2CCN(c3cccc(Cl)c3)CC2)nc2ccccn12
319,Clc1cccc(Cl)c1NC1=NCCN1
320,CNCC(O)c1cccc(O)c1
321,Cc1cc(C(C)(C)C)c(O)c(C)c1CC1=NCCN1
322,Cc1cc(C(C)(C)C)cc(C)c1CC1=NCCN1
323,CCCCc1oc2ccc(NS(C)(=O)=O)cc2c1C(=O)c1ccc(OCCCN(CCCC)CCCC)cc1
324,CC(COc1ccccc1)N(CCCl)Cc1ccccc1
325,Clc1ccc2nsnc2c1NC1=NCCN1
326,CNCC(O)c1ccc(O)c(O)c1
327,NCC(O)c1ccc(O)c(O)c1
328,CCC1(c2ccc(N)cc2)CCC(=O)NC1=O
329,Clc1ccc(COC(Cn2ccnc2)c2ccc(Cl)cc2Cl)c(Cl)c1
330,CC12CCC3C(CCC4=C(O)C(=O)CCC43C)C1CCC2=O
331,CC12CCC(=O)C=C1CCC1C2CCC2(C)C1CCC2(C)O
332,CC1(C)OC2CC3C4CC(F)C5=CC(=O)C=CC5(C)C4(F)C(O)CC3(C)C2(C(=O)CO)O1
333,CC1(C)OC2CC3C4CCC5=CC(=O)C=CC5(C)C4(F)C(O)CC3(C)C2(C(=O)CO)O1
334,CCC(=O)OCC(=O)C1(OC(=O)CC)C(C)CC2C3CCC4=CC(=O)C=CC4(C)C3(F)C(O)CC21C
335,CC1(C)OC2CC3C4CCC5=CC(=O)C=CC5(C)C4C(O)CC3(C)C2(C(=O)CO)O1
336,CCC(=O)OC1(C(=O)SCF)C(C)CC2C3CC(F)C4=CC(=O)C=CC4(C)C3(F)C(O)CC21C
337,CCC(=O)OC1(C(=O)CCl)C(C)CC2C3CCC4=CC(=O)C=CC4(C)C3(F)C(O)CC21C
338,CC12CCC3C4CCC(=O)C=C4CCC3C1CCC2OC(=O)CCc1ccccc1
339,C[N+](C)(C)CC(=O)O
340,CC#CC1(O)CCC2C3CCC4=CC(=O)CCC4=C3C(c3ccc(N(C)C)cc3)CC21C
341,CC(=O)C1CCC2C3CCC4=CC(=O)CCC4(C)C3CCC12C
342,NC(Cc1cc(I)c(Oc2cc(I)c(O)c(I)c2)c(I)c1)C(=O)O
343,COc1nc(N)nc2c1ncn2C1OC(CO)C(O)C1O
344,CCC(c1ccc(O)cc1)C(CC)c1ccc(O)cc1
345,CC(C)c1ccc2oc3nc(N)c(C(=O)O)cc3c(=O)c2c1
346,Cn1c(=O)c2c(ncn2CC(O)CO)n(C)c1=O
347,CC(C)[N+]1(C)C2CCC1CC(OC(=O)C(CO)c1ccccc1)C2
348,C[N+]1(C)C2CC(OC(=O)C(CO)c3ccccc3)CC1C1OC12
349,CCN(CC)CC#CCOC(=O)C(O)(c1ccccc1)C1CCCCC1
350,Cc1ccccc1C(OCCN(C)C)c1ccccc1
351,CC(C)C(=O)Oc1ccc(CO)cc1C(CCN(C(C)C)C(C)C)c1ccccc1
352,CCCCc1oc2ccccc2c1C(=O)c1cc(I)c(OCCN(CC)CC)c(I)c1
353,CN1C2CCC1CC(OC(=O)C(CO)c1ccccc1)C2
354,CC(C[N+](C)(C)C)OC(N)=O
355,COC(=O)C1=CCCN(C)C1
356,COc1ccc(CC2c3cc(OC)c(OC)cc3CC[N+]2(C)CCC(=O)OCCCCCOC(=O)CC[N+]2(C)CCc3cc(OC)c(OC)cc3C2Cc2ccc(OC)c(OC)c2)cc1OC.O=S(=O)([O-])c1ccccc1.O=S(=O)([O-])c1ccccc1
357,COc1ccccc1OCC(O)COC(N)=O
358,NNc1nncc2ccccc12
359,O=P([O-])(O)C(O)(Cc1cccnc1)P(=O)(O)O
360,CC(=O)Oc1cc2c(s1)CCN(C(C(=O)C1CC1)c1ccccc1F)C2
361,Clc1ccccc1CN1CCc2sccc2C1
362,COc1ccc(-n2nc(C(N)=O)c3c2C(=O)N(c2ccc(N4CCCCC4=O)cc2)CC3)cc1
363,CC(=O)CC(c1ccccc1)c1c(O)c2ccccc2oc1=O
364,CC(c1ncncc1F)C(O)(Cn1cncn1)c1ccc(F)cc1F
365,Clc1ccccc1C(c1ccccc1)(c1ccccc1)n1ccnc1
366,CN1CCN2c3ccccc3Cc3ccccc3C2C1
367,O=C1Cc2cc(CCN3CCN(c4nsc5ccccc45)CC3)c(Cl)cc2N1
368,CN1CCN2c3ncccc3Cc3ccccc3C2C1
369,O=C1CCc2ccc(OCCCCN3CCN(c4cccc(Cl)c4Cl)CC3)cc2N1
370,COc1ccc2cccc(CCNC(C)=O)c2c1
371,CCC(=O)NCCC1CCc2ccc3c(c21)CCO3
372,CCN1CCCC1CNC(=O)c1cc(S(=O)(=O)CC)c(N)cc1OC
373,CN1CC2c3ccccc3Oc3ccc(Cl)cc3C2C1
374,Oc1ccc(C2CNCCc3c2cc(O)c(O)c3Cl)cc1
375,OCCN1CCN(CCCN2c3ccccc3Sc3ccc(C(F)(F)F)cc32)CC1
376,CN1CCN(CCCN2c3ccccc3Sc3ccc(Cl)cc32)CC1
377,COc1cc(C(C)=O)ccc1OCCCN1CCC(c2noc3cc(F)ccc23)CC1
378,Cc1nc2n(c(=O)c1CCN1CCC(c3noc4cc(F)ccc34)CC1)CCCC2
379,O=C(CCCN1CCC(O)(c2ccc(Cl)cc2)CC1)c1ccc(F)cc1
380,CCN1CCCC1CNC(=O)c1cc(S(N)(=O)=O)ccc1OC
381,Cc1cc2c(s1)=Nc1ccccc1NC=2N1CCN(C)CC1
382,CCCNC1CCc2nc(N)sc2C1
383,CN1CCN(C2=c3ccccc3=Nc3ccc(Cl)cc3N2)CC1
384,NC12CC3CC(CC(C3)C1)C2
385,O=c1[nH]c2ccccc2n1CCCN1CCC(n2c(=O)[nH]c3cc(Cl)ccc32)CC1
386,CC(NC(C)(C)C)C(=O)c1cccc(Cl)c1
387,CNCCCC12CCC(c3ccccc31)c1ccccc12
388,CNCCC(Oc1cccc2ccccc12)c1cccs1
389,CN(C)CCCN1c2ccccc2CCc2ccc(Cl)cc21
390,COc1cc2c(cc1OC)C1CC(=O)C(CC(C)C)CN1CC2
391,CCC1(C)CC(=O)NC1=O
392,Cn1c(=O)c2c(ncn2C)n(C)c1=O.O=C(O)CC(O)(CC(=O)O)C(=O)O
393,O=C(O)CCNC(=O)c1ccc(N=Nc2ccc(O)c(C(=O)O)c2)cc1
394,NS(=O)(=O)c1cc2c(cc1Cl)NC=NS2(=O)=O
395,NS(=O)(=O)c1cc2c(cc1Cl)NCNS2(=O)=O
396,Cc1nc2c([nH]1)CCN(C(=O)c1ccc(NC(=O)c3ccccc3-c3ccccc3)cc1)c1ccccc1-2
397,NS(=O)(=O)c1cc2c(cc1Cl)NC(C(Cl)Cl)NS2(=O)=O
398,CC1CNc2c(cccc2S(=O)(=O)NC(CCCN=C(N)N)C(=O)N2CCC(C)CC2C(=O)O)C1
399,COc1ccc(C(=O)N2CCCC2=O)cc1
400,CCN(C)C(=O)Oc1cccc(C(C)N(C)C)c1
401,CC=C1C2C=C(C)CC1(N)c1ccc(=O)[nH]c1C2
402,Nc1c2c(nc3ccccc13)CCCC2
403,Oc1ccc(OCc2ccccc2)cc1
404,COc1ccc(-c2ccc3cc(C(=O)O)ccc3c2)cc1C12CC3CC(CC(C3)C1)C2
405,COc1cc(C)c(C=CC(C)=CC=CC(C)=CC(=O)O)c(C)c1C
406,CCOC(=O)C1=CC(OC(CC)CC)C(NC(C)=O)C(N)C1
407,CC(N)C12CC3CC(CC(C3)C1)C2
408,OC(CCN1CCCCC1)(c1ccccc1)C1CC2C=CC1C2
409,NC(Cc1ccc(O)c(O)c1)C(=O)O
410,C#CCN(C)C(C)Cc1ccccc1
411,C#CCNC1CCc2ccccc21
412,NNCCc1ccccc1
413,NCCc1ccc(O)c(O)c1
414,COc1c(C)c2c(c(O)c1CC=C(C)CCC(=O)OCCN1CCOCC1)C(=O)OC2
415,O=C1CCC2(O)C3Cc4ccc(O)c5c4C2(CCN3CC2CC2)C1O5
416,CN(C)C(=O)C(CCN1CCC(O)(c2ccc(Cl)cc2)CC1)(c1ccccc1)c1ccccc1
417,O=C(CCc1ccc(O)cc1)c1c(O)cc(O)cc1O
418,CCOc1cc(CC(=O)NC(CC(C)C)c2ccccc2N2CCCCC2)ccc1C(=O)O
419,CC(C)C1CCC(C(=O)NC(Cc2ccccc2)C(=O)O)CC1
420,NC(N)=NC(N)=NCCc1ccccc1
421,CCNC1CC(C)S(=O)(=O)c2sc(S(N)(=O)=O)cc21
422,Cc1ccccc1N1C(=O)c2cc(S(N)(=O)=O)c(Cl)cc2NC1C
423,CC1Cc2ccccc2N1NC(=O)c1ccc(Cl)c(S(N)(=O)=O)c1
424,Nc1ccc(S(N)(=O)=O)cc1
425,NS(=O)(=O)c1cc(Cl)c(Cl)c(S(N)(=O)=O)c1
426,CCCCCC(O)C=CC1C(O)CC(=O)C1CC=CCCCC(=O)O
427,CC(=O)OCC1OC([S-])C(OC(C)=O)C(OC(C)=O)C1OC(C)=O.CCP(CC)CC.[Au+]
428,CCCc1cc(=O)[nH]c(=S)[nH]1
429,C1CCC(C(CC2CCCCN2)C2CCCCC2)CC1
430,CCCNCC(O)COc1ccccc1C(=O)CCc1ccccc1
431,COC1C=COC2(C)Oc3c(C)c(O)c4c(O)c(c5c(c4c3C2=O)NC2(CCN(CC(C)C)CC2)N=5)=NC(=O)C(C)=CC=CC(C)C(O)C(C)C(O)C(C)C(OC(C)=O)C1C
432,COC1CC2CCC(C)C(O)(O2)C(=O)C(=O)N2CCCCC2C(=O)OC(C(C)CC2CCC(OCCO)C(OC)C2)CC(=O)C(C)C=C(C)C(O)C(OC)C(=O)C(C)CC(C)C=CC=CC=C1C
433,O=C(NC1CCNCC1)c1[nH]ncc1NC(=O)c1c(Cl)cccc1Cl
434,COc1ccc(C=CC(=O)Nc2ccccc2C(=O)O)cc1OC
435,CC(=Cc1csc(C)n1)C1CC2OC2(C)CCCC(C)C(O)C(C)C(=O)C(C)(C)C(O)CC(=O)O1
436,CC(=O)C1(O)Cc2c(O)c3c(c(O)c2C(OC2CC(N)C(O)C(C)O2)C1)C(=O)c1ccccc1C3=O
437,COC1C=COC2(C)Oc3c(C)c(O)c4c(c3C2=O)C(=O)C(=CNN2CCN(C)CC2)C(=C4O)NC(=O)C(C)=CC=CC(C)C(O)C(C)C(O)C(C)C(OC(C)=O)C1C
438,COC1C=COC2(C)Oc3c(C)c(O)c4c(O)c(c5c(nc6cc(C)ccn65)c4c3C2=O)NC(=O)C(C)=CC=CC(C)C(O)C(C)C(O)C(C)C(OC(C)=O)C1C
439,Nc1nc(Cl)nc2c1ncn2C1OC(CO)C(O)C1F
440,CC1CCCC=CC2CC(O)CC2C(O)C=CC(=O)O1
441,O=c1c(-c2ccc(O)cc2)coc2cc(OC3OC(CO)C(O)C(O)C3O)ccc12
442,C=CC1CN2CCC1CC2C(O)c1ccnc2ccc(OC)cc12
443,CN(C)CC=CC(=O)Nc1cc2c(Nc3ccc(F)c(Cl)c3)ncnc2cc1OC1CCOC1
444,Nc1ncnc2c1c(-c1cnc3[nH]ccc3c1)nn2C1CCCC1
445,Oc1cc(O)cc(C=Cc2ccc(O)c(O)c2)c1
446,O=c1cc(N2CCOCC2)oc2c(-c3ccccc3)cccc12
447,O=S(=O)(NCCNCC=Cc1ccc(Br)cc1)c1cccc2cnccc12
448,COC1CC2CCC(C)C(O)(O2)C(=O)C(=O)N2CCCCC2C(=O)OC(C(C)CC2CCC(O)C(OC)C2)CC(=O)C(C)C=C(C)C(O)C(OC)C(=O)C(C)CC(C)C=CC=CC=C1C
449,COC1CC2CCC(C)C(O)(O2)C(=O)C(=O)N2CCCCC2C(=O)OC(C(C)CC2CCC(OC(=O)C(C)(CO)CO)C(OC)C2)CC(=O)C(C)C=C(C)C(O)C(OC)C(=O)C(C)CC(C)C=CC=CC=C1C
450,Cc1ccc(-n2nc(C(C)(C)C)cc2NC(=O)Nc2ccc(OCCN3CCOCC3)c3ccccc23)cc1
451,CNC1CC2OC(C)(C1OC)n1c3ccccc3c3c4c(c5c6ccccc6n2c5c31)C(=O)NC4O
452,NCCCC(O)(P(=O)(O)O)P(=O)(O)O
453,O=C(NOCC(O)CO)c1ccc(F)c(F)c1Nc1ccc(I)cc1F
454,CCC1=C/C(=C2/NNC(C)=C2c2ccc3c(c2)OCCO3)C(=O)C=C1O
455,O=C(CCCCCCC(=O)Nc1ccccc1)NO
456,O=C(C=Cc1ccc(O)cc1)c1ccc(O)cc1O
457,CC(C=CC(=O)NO)=CC(C)C(=O)c1ccc(N(C)C)cc1
458,CC1(c2nc3c(C(N)=O)cccc3[nH]2)CCCN1
459,CNC(=O)C(Cc1c[nH]c2ccccc12)NC(=O)C(CC(=O)NO)CC(C)C
460,Cc1cc2c(cc1C1(c3ccc(C(=O)O)cn3)CC1)C(C)(C)CCC2(C)C
461,CC(C=CC1=C(C)CCCC1(C)C)=CC=CC(C)=CC(=O)Nc1ccc(O)cc1
462,COc1ccc(C2CC(=O)c3c(O)cc(O)cc3O2)cc1O
463,CC1=C(CC(=O)O)c2cc(F)ccc2C1=Cc1ccc(S(C)=O)cc1
464,CN(C)CCC(c1ccc(Cl)cc1)c1ccccn1
465,CN1CCCC1CCOC(C)(c1ccccc1)c1ccc(Cl)cc1
466,CC1=C2N=C(C=C3N=C(C(C)=C4[N-]C(C)(C5N=C1C(C)(CCC(=O)NCC(C)OP(=O)([O-])OC1C(CO)OC(n6cnc7cc(C)c(C)cc76)C1O)C5CC(N)=O)C(C)(CC(N)=O)C4CCC(N)=O)C(C)(CC(N)=O)C3CCC(N)=O)C(C)(C)C2CCC(N)=O.[C-]#N.[Co+3]
467,Cc1cc2nc3c(=O)[nH]c(=O)nc-3n(CC(O)C(O)C(O)CO)c2cc1C
468,C=C1C(=CC=C2CCCC3(C)C2CCC3C(C)C=CC=CC(O)(CC)CC)CC(O)CC1O
469,C=C1C(=CC=C2CCCC3(C)C2CCC3C(C)CCCC(C)(C)O)CC(O)CC1O
470,CC12CCC(=O)C=C1CCC1C2CCC2(C)C(O)CCC12
471,CCC(=O)OC1CCC2C3CCC4=CC(=O)CCC4(C)C3CCC12C
472,CC(=O)OC1(C(C)=O)CCC2C3C=C(Cl)C4=CC(=O)C5CC5C4(C)C3CCC21C
473,CCCCc1ncc(C=C(Cc2cccs2)C(=O)O)n1Cc1ccc(C(=O)O)cc1
474,CCC(=C(c1ccccc1)c1ccc(OCCN(C)C)cc1)c1ccccc1
475,CN(C)CCOc1ccc(C(=C(CCCl)c2ccccc2)c2ccccc2)cc1.O=C(O)CC(O)(CC(=O)O)C(=O)O
476,C#CC1(O)CCC2C3CCc4cc(O)ccc4C3CCC21C
477,C#CC1(O)CCC2C3CCc4cc(OC)ccc4C3CCC21C
478,CC12CCC3c4ccc(O)cc4CCC3C1CCC2O
479,CC=C(C(=CC)c1ccc(O)cc1)c1ccc(O)cc1
480,CCC(=C(CC)c1ccc(O)cc1)c1ccc(O)cc1
481,CC12CCC3c4ccc(O)cc4CCC3C1CC(O)C2O
482,CC1OC(OC2CC(O)C3(CO)C4C(O)CC5(C)C(C6=CC(=O)OC6)CCC5(O)C4CCC3(O)C2)C(O)C(O)C1O
483,COC1=CC(C)=CC(C)C(O)C(C)CC(C)=CC=CC(OC)C(C(C)C(O)C(C)C2(O)CC(O)C(C)C(C(C)C)O2)OC1=O
484,CCOC(=O)C(CCc1ccccc1)NC(C)C(=O)N1CCCC1C(=O)O
485,CCOC(=O)C(CCc1ccccc1)NC(C)C(=O)N1C(C(=O)O)CC2CCCC21
486,COc1ccc(C2Sc3ccccc3N(CCN(C)C)C(=O)C2OC(C)=O)cc1
487,Fc1ccc(C2CCNCC2COc2ccc3c(c2)OCO3)cc1
488,CC(CCC(=O)O)C1CCC2C3C(O)CC4CC(O)CCC4(C)C3CCC12C
489,OCC1OC(n2cnc3c2NC=NCC3O)CC1O
490,Oc1ccc(C=Cc2cc(O)cc(O)c2)cc1
491,O=C([O-])Cc1ccccc1Nc1c(Cl)cccc1Cl
492,O=C([O-])CC(O)CC(O)C=Cc1c(C2CC2)nc2ccccc2c1-c1ccc(F)cc1.O=C([O-])CC(O)CC(O)C=Cc1c(C2CC2)nc2ccccc2c1-c1ccc(F)cc1
493,CC(C)c1c(C(=O)Nc2ccccc2)c(-c2ccccc2)c(-c2ccc(F)cc2)n1CCC(O)CC(O)CC(=O)[O-].CC(C)c1c(C(=O)Nc2ccccc2)c(-c2ccccc2)c(-c2ccc(F)cc2)n1CCC(O)CC(O)CC(=O)[O-]
494,O=C1C(CCC(O)c2ccc(F)cc2)C(c2ccc(O)cc2)N1c1ccc(F)cc1
495,CCCCCCCCCCCC(CC1OC(=O)C1CCCCCC)OC(=O)C(CC(C)C)NC=O
496,CC=CCC=CCCC(=O)C1OC1C(N)=O
497,CCOc1ccc(Cc2cc(C3OC(CO)C(O)C(O)C3O)ccc2Cl)cc1
498,NCCCCCC(=O)O
499,O=c1[nH]c(=O)n(C2CC(O)C(CO)O2)cc1F
500,O=c1[nH]c(=O)n(C2CC(O)C(CO)O2)cc1C(F)(F)F
501,CCC1C=C(C)CC(C)CC(OC)C2OC(O)(C(=O)C(=O)N3CCCCC3C(=O)OC(C(C)=CC3CCC(Cl)C(OC)C3)C(C)C(O)CC1=O)C(C)CC2OC
502,CC1C(=O)OC2CC34C5CC(C(C)(C)C)C36C(OC(=O)C6O)OC4(C(=O)O5)C21O
503,CC(C)CN(CC(O)C(Cc1ccccc1)NC(=O)OC1CCOC1)S(=O)(=O)c1ccc(N)cc1
504,CN(CC=CC#CC(C)(C)C)Cc1cccc2ccccc12
505,CC(NCCc1ccc(O)cc1)C(O)c1ccc(O)cc1
506,CC(Cc1cc2c(c(C(N)=O)c1)N(CCCO)CC2)NCCOc1ccccc1OCC(F)(F)F
507,CCCC1OC2CC3C4CCC5=CC(=O)C=CC5(C)C4C(O)CC3(C)C2(C(=O)CO)O1
508,CC12C=CC(=O)C=C1CCC1C2C(=O)CC2(C)C1CCC2(O)C(=O)CO
509,CC12C=CC(=O)C=C1CCC1C2C(O)CC2(C)C1CCC2(O)C(=O)CO
510,CC1CC2C(C(O)CC3(C)C2CCC3(O)C(=O)CO)C2(C)C=CC(=O)C=C12
511,CC(=O)OCC(=O)C1(O)CCC2C3CCC4=CC(=O)CCC4(C)C3C(=O)CC21C
512,CC(=O)OCC(=O)C12OC(C)(C)OC1CC1C3CC(F)C4=CC(=O)C=CC4(C)C3(F)C(O)CC12C
513,CC1(C)OC2CC3C4CC(F)C5=CC(=O)C=CC5(C)C4C(O)CC3(C)C2(C(=O)CO)O1
514,CC12CCC3c4ccc(O)cc4CCC3C1CCC2=O
515,CC12CCC3C(CC=C4CC(O)CCC43C)C1CCC2=O
516,CC1OC(OC2C(O)CC(OC3C(O)CC(OC4CCC5(C)C(CCC6C5CC(O)C5(C)C(C7=CC(=O)OC7)CCC65O)C4)OC3C)OC2C)CC(O)C1O
517,CC(=O)C1CCC2C3CC=C4CC(O)CCC4(C)C3CCC12C
518,CC12COC(=O)CC1CCC1C2CCC2(C)C1CCC2(C)O
519,C=CC[N+]1(C2CC3C4CCC5CC(O)C(N6CCOCC6)CC5(C)C4CCC3(C)C2OC(C)=O)CCCC1
520,CC(=O)OC1CC2CCC3C(CCC4(C)C3CC([N+]3(C)CCCCC3)C4OC(C)=O)C2(C)CC1N1CCCCC1
521,CC(=O)OC1CC2CCC3C(CCC4(C)C3CC([N+]3(C)CCCCC3)C4OC(C)=O)C2(C)CC1[N+]1(C)CCCCC1
522,CC(=O)OC1(C(C)=O)CCC2C3CC(C)C4=CC(=O)CCC4(C)C3CCC21C
523,CC12CCC(=O)C=C1C1CC1C1C2CCC2(C)C1C1CC1C21CCC(=O)O1
524,C#CC1(O)CCC2C3CCC4=CC(=O)CCC4C3CCC21CC
525,CN(C)CCC=C1c2ccccc2COc2ccc(CC(=O)O)cc21
526,CN1C2CC(OC(=O)C(CO)c3ccccc3)CC1C1OC12
527,C[N+]1(C)C2CC(OC(=O)C(O)(c3cccs3)c3cccs3)CC1C1OC12
528,Cc1ccc(O)c(C(CCN(C(C)C)C(C)C)c2ccccc2)c1
529,CC[N+](CC)(CC)CCOc1cccc(OCC[N+](CC)(CC)CC)c1OCC[N+](CC)(CC)CC
530,CC(C)OC(=O)CCCC=CCC1C(O)CC(O)C1C=CC(O)COc1cccc(C(F)(F)F)c1
531,COC(=O)C1CC2=CC(=O)CCC2(C)C23OC2CC2(C)C(CCC24CCC(=O)O4)C13
532,O=C(NCC1CN(c2ccc(N3CCOCC3=O)cc2)C(=O)O1)c1ccc(Cl)s1
533,CC(=O)NC1C(N=C(N)N)C=C(C(=O)O)OC1C(O)C(O)CO
534,O=c1[nH]c(=O)n(C2CC(O)C(CO)O2)cc1I
535,NC1CC1c1ccccc1
536,COc1c(C)c2c(c(O)c1CC=C(C)CCC(=O)O)C(=O)OC2
537,NC(=O)c1ncn(C2OC(CO)C(O)C2O)n1
538,CC1OC(OC2C(CO)OC(OC3C(CO)OC(O)C(O)C3O)C(O)C2O)C(O)C(O)C1NC1C=C(CO)C(O)C(O)C1O
539,OCCN1CC(O)C(O)C(O)C1CO
540,CCNC(=O)CCCC=CCC1C(O)CC(O)C1C=CC(O)CCc1ccccc1
541,CCCCCC(O)C=CC1C(O)CC(=O)C1CCCCCCC(=O)O
542,CCC(C)SSc1ncc[nH]1
543,O=C(O)CCCc1c[nH]c2ccccc12
544,O=C(O)c1cc(=O)[nH]c(=O)[nH]1
545,CCCCCN(C)CCC(O)(P(=O)([O-])O)P(=O)(O)O
546,CCN(CC)CCOc1ccc(C(=C(Cl)c2ccccc2)c2ccccc2)cc1.O=C(O)CC(O)(CC(=O)O)C(=O)O
